nombre,genero
jose,M
jesus,M
juan,M
luis,M
carlos,M
miguel,M
angel,M
rafael,M
gabriel,M
manuel,M
daniel,M
david,M
samuel,M
ismael,M
israel,M
joel,M
abel,M
abraham,M
adrian,M
alexander,M
alexis,M
anderson,M
andres,M
anthony,M
antonio,M
ariel,M
benjamin,M
bernardo,M
brayan,M
cristian,M
christian,M
cesar,M
dario,M
deivis,M
denis,M
diego,M
dilan,M
dixon,M
dixson,M
domingo,M
edgar,M
edison,M
eduardo,M
edward,M
edwin,M
efrain,M
elias,M
emmanuel,M
endy,M
enrique,M
erick,M
ernesto,M
esteban,M
ezequiel,M
fabian,M
felix,M
fernando,M
francisco,M
franco,M
frank,M
franklin,M
freddy,M
gregory,M
gregorio,M
guillermo,M
gustavo,M
hector,M
heriberto,M
hernan,M
hugo,M
humberto,M
ivan,M
jackson,M
jaxson,M
jaime,M
javier,M
jean,M
jefferson,M
jesualdo,M
jhon,M
john,M
jhonny,M
johnny,M
jhoan,M
joan,M
joaquin,M
johan,M
jonathan,M
jorge,M
jose luis,M
josue,M
jousep,M
kevin,M
leandro,M
leonardo,M
leonel,M
luiyi,M
manuel,M
marcos,M
mariano,M
mario,M
martin,M
mateo,M
matias,M
maximiliano,M
maxwell,M
moises,M
nelson,M
nestor,M
nicolas,M
noel,M
oliver,M
omar,M
orlando,M
oscar,M
pablo,M
pedro,M
rafael,M
ramon,M
raul,M
reinaldo,M
ricardo,M
richard,M
roberto,M
robert,M
rodrigo,M
ronald,M
ronny,M
ruben,M
salvador,M
santiago,M
saul,M
sebastian,M
sergio,M
simon,M
tomas,M
vicente,M
victor,M
wilfredo,M
william,M
wilmer,M
wilson,M
yorman,M
yonder,M
yoel,M
yostin,M
maria,F
ana,F
carmen,F
rosa,F
isabel,F
luisa,F
josefina,F
gloria,F
marta,F
elena,F
teresa,F
juana,F
francisca,F
antonia,F
dolores,F
pilar,F
mercedes,F
esperanza,F
beatriz,F
patricia,F
sandra,F
monica,F
andrea,F
laura,F
paula,F
sofia,F
valentina,F
camila,F
gabriela,F
daniela,F
alejandra,F
fernanda,F
mariana,F
valeria,F
victoria,F
lucia,F
martina,F
emma,F
julia,F
carolina,F
claudia,F
veronica,F
adriana,F
yolanda,F
nancy,F
gladys,F
zulay,F
yajaira,F
yelitza,F
yusmary,F
yorgelis,F
yoselin,F
yoseidy,F
dayana,F
deisy,F
genesis,F
geraldine,F
scarlet,F
michell,F
rosmary,F
maribel,F
anabel,F
yaritza,F
yamilet,F
abigail,F
raquel,F
soledad,F
esther,F
ruth,F
noelia,F
lisbeth,F
yusneidy,F
oriana,F
orianny,F
keidy,F
keimar,F
crisbel,F
greimar,F
franzelys,F
jhoanny,F
nalexys,F
darianny,F
darielis,F
yorvelis,F
yorbelis,F
deyanira,F
maryori,F
mayerlin,F
neidy,F
nohelia,F
rosangela,F
rosaura,F
yuleidy,F
yusbeli,F
aranza,F
guadalupe,F
consuelo,F
amparo,F
rosario,F
trinidad,F
